{"cameraMode":{"drawMode":0,"name":"Shaded","section":"Shading Mode"},"sceneLighting":true,"audioPlay":false,"sceneViewState":{"showFog":false,"showMaterialUpdate":false,"showSkybox":false,"showFlares":true,"showImageEffects":true,"showParticleSystems":true},"in2DMode":false,"pivot":{"x":1.1366043090820313,"y":3.179719924926758,"z":-3.3663010597229006},"rotation":{"x":-0.052036721259355548,"y":0.1675659865140915,"z":-0.008857084438204766,"w":-0.9844475388526917},"size":0.41271263360977175,"orthographic":false}